Customer_ID,Age,Gender,Education,Employment,Annual_Income,Credit_Limit,Bill_Amount,Previous_Payment,Loan_Amount,Loan_to_Income,Default
1001,37,Male,Graduate,Self-Employed,72618,79401,33244,28399,13536,0.186,0
1002,35,Female,Postgraduate,Business,39000,32651,5482,2580,18718,0.48,0
1003,49,Male,Graduate,Business,83761,123162,66180,44355,17249,0.206,1
1004,27,Female,Graduate,Business,88514,179920,142363,29029,6524,0.074,0
1005,30,Female,Graduate,Salaried,22000,41008,8390,4928,9980,0.454,0
1006,45,Female,Postgraduate,Salaried,32446,96943,76493,68856,1006,0.031,0
1007,47,Male,Graduate,Salaried,68196,124128,102042,60540,30618,0.449,0
1008,25,Male,Graduate,Salaried,57094,127445,87749,82063,10576,0.185,0
1009,41,Male,Graduate,Salaried,64580,155153,87748,23062,31811,0.493,0
1010,35,Female,Graduate,Salaried,43674,37514,21828,11871,22153,0.507,0
1011,41,Female,Graduate,Salaried,86985,190572,106835,55557,41661,0.479,0
1012,59,Female,Graduate,Self-Employed,84445,146178,89499,46830,3815,0.045,0
1013,24,Male,Postgraduate,Business,66651,129133,7170,7170,31080,0.466,0
1014,60,Male,Graduate,Salaried,93181,99776,85820,11108,59998,0.644,1
1015,38,Female,Graduate,Salaried,76688,223439,116582,104013,13837,0.18,0
1016,51,Female,Graduate,Business,43518,145546,105317,97701,8705,0.2,0
1017,37,Female,Graduate,Business,74219,63838,23555,13265,39662,0.534,0
1018,33,Female,Graduate,Business,41028,99440,11989,3481,5311,0.129,0
1019,51,Male,High School,Salaried,86961,248915,117451,68820,38225,0.44,0
1020,48,Male,High School,Business,63752,100026,46974,18097,31756,0.498,0
1021,26,Male,Graduate,Salaried,60378,176690,71836,61772,3202,0.053,0
1022,49,Female,Graduate,Salaried,47977,120296,41448,22042,17911,0.373,0
1023,51,Female,Graduate,Salaried,95564,316196,87075,84612,36987,0.387,0
1024,36,Male,High School,Salaried,61137,210844,100162,66172,13336,0.218,0
1025,58,Female,Graduate,Salaried,54292,49641,17941,8632,31127,0.573,0
1026,46,Female,High School,Salaried,56197,112469,91164,67816,7356,0.131,0
1027,34,Female,Postgraduate,Business,78308,178297,44904,23947,20031,0.256,0
1028,21,Female,Postgraduate,Salaried,74136,88682,28654,25798,41233,0.556,1
1029,47,Male,High School,Salaried,75318,128641,44045,7981,11162,0.148,0
1030,29,Male,Graduate,Salaried,75771,262671,130315,130315,40860,0.539,0
1031,51,Female,High School,Salaried,118541,100028,47235,41077,9367,0.079,0
1032,42,Female,Graduate,Salaried,54840,110874,59864,57071,18279,0.333,0
1033,39,Male,High School,Salaried,52194,160505,128909,67694,4004,0.077,0
1034,27,Male,Graduate,Salaried,44656,74778,23037,20883,20109,0.45,0
1035,49,Female,Graduate,Business,80399,168473,108105,39038,41821,0.52,0
1036,27,Female,Postgraduate,Student,93224,320758,32511,26016,51918,0.557,0
1037,37,Male,High School,Salaried,62151,129409,40650,8858,39676,0.638,0
1038,54,Female,Graduate,Self-Employed,43996,50749,24103,9769,19651,0.447,1
1039,57,Male,Graduate,Business,44388,41709,9214,5059,22497,0.507,0
1040,60,Male,Postgraduate,Student,81265,272451,151198,55911,27920,0.344,0
1041,59,Female,Graduate,Self-Employed,83581,126850,83572,35986,49806,0.596,0
1042,43,Male,Graduate,Business,78579,169807,109765,93455,33721,0.429,1
1043,29,Female,Graduate,Student,48362,50533,21843,5490,27944,0.578,0
1044,54,Male,Graduate,Business,70804,137634,71386,55839,12460,0.176,0
1045,53,Female,Postgraduate,Salaried,67917,224893,93570,9890,22954,0.338,1
1046,60,Male,Graduate,Salaried,70467,151963,19442,16519,33999,0.482,0
1047,47,Female,Graduate,Salaried,86786,296987,45614,40203,13511,0.156,0
1048,26,Male,High School,Salaried,70590,105804,65573,28257,11367,0.161,1
1049,41,Female,Graduate,Salaried,81973,177248,152117,117932,52167,0.636,0
1050,38,Male,Postgraduate,Salaried,66689,208119,25080,22655,19971,0.299,0
1051,54,Male,Graduate,Self-Employed,72228,145199,69312,58507,10309,0.143,0
1052,36,Male,Graduate,Self-Employed,80782,125585,81874,35026,19025,0.236,0
1053,34,Female,Postgraduate,Business,28571,88850,62284,34176,7896,0.276,1
1054,24,Male,Postgraduate,Salaried,57008,105619,46868,37852,23733,0.416,0
1055,54,Female,Graduate,Salaried,53241,118885,69440,25307,32065,0.602,0
1056,51,Female,Graduate,Business,49028,168491,103060,87633,31461,0.642,0
1057,22,Female,Graduate,Business,58121,75761,58388,21100,25228,0.434,0
1058,38,Female,Graduate,Student,102374,165209,35853,28810,47497,0.464,0
1059,40,Male,Graduate,Business,43354,38320,29334,4393,9951,0.23,0
1060,39,Female,High School,Business,89207,165743,15316,2789,50084,0.561,0
1061,57,Female,Postgraduate,Salaried,22928,30735,22604,22604,3784,0.165,0
1062,27,Male,Postgraduate,Salaried,56628,149277,23725,23725,5434,0.096,0
1063,33,Male,Postgraduate,Salaried,69069,89069,18774,18774,43750,0.633,0
1064,28,Female,Postgraduate,Self-Employed,79656,208858,15442,15000,45067,0.566,0
1065,30,Male,Graduate,Student,82781,125114,56076,26906,18068,0.218,0
1066,57,Female,Postgraduate,Salaried,84834,149230,51495,18050,38057,0.449,0
1067,58,Male,Postgraduate,Self-Employed,56282,98039,14240,1307,17985,0.32,1
1068,22,Male,Graduate,Salaried,53441,146173,58789,34154,12310,0.23,0
1069,46,Female,Graduate,Salaried,86449,178048,73911,20502,17964,0.208,1
1070,30,Male,High School,Salaried,60217,106916,72957,72288,6885,0.114,0
1071,28,Female,Graduate,Salaried,33108,102704,76560,5165,12269,0.371,1
1072,32,Female,Graduate,Student,36668,85960,49558,12159,11253,0.307,0
1073,28,Male,Graduate,Salaried,42014,57868,10213,3284,14602,0.348,0
1074,40,Male,Graduate,Business,77429,250115,79105,19524,12661,0.164,0
1075,60,Female,Graduate,Self-Employed,68561,118278,88567,26688,41955,0.612,1
1076,44,Female,High School,Salaried,82262,74467,8523,7469,35038,0.426,0
1077,49,Male,Postgraduate,Salaried,54319,115994,46437,17049,31926,0.588,0
1078,40,Female,Postgraduate,Business,68963,78248,62747,41736,6741,0.098,0
1079,21,Male,High School,Salaried,80640,116433,96261,90803,33560,0.416,0
1080,24,Male,High School,Student,57266,161330,60299,39891,31878,0.557,0
1081,31,Female,Graduate,Salaried,76419,88113,53401,37724,17972,0.235,0
1082,30,Male,Postgraduate,Self-Employed,48452,144326,65579,24935,7316,0.151,0
1083,54,Female,Postgraduate,Business,55924,186207,124388,24758,10867,0.194,1
1084,54,Female,High School,Salaried,55457,135184,14519,3933,11048,0.199,0
1085,55,Female,Postgraduate,Salaried,35104,95412,17936,17226,10786,0.307,0
1086,46,Female,High School,Student,77174,210429,113849,77437,17912,0.232,0
1087,43,Male,Graduate,Salaried,53265,185393,47813,15406,10557,0.198,0
1088,46,Male,Postgraduate,Salaried,65312,112477,70462,35590,28220,0.432,1
1089,37,Female,High School,Salaried,77019,95481,33103,27477,4843,0.063,0
1090,47,Female,High School,Salaried,76163,167692,125232,89280,18357,0.241,0
1091,52,Male,Graduate,Business,81635,182844,128494,79346,37360,0.458,0
1092,51,Female,Graduate,Business,62538,80071,37394,35862,8694,0.139,0
1093,45,Male,Postgraduate,Salaried,54418,133618,89089,63275,9086,0.167,0
1094,23,Female,Postgraduate,Business,63007,52808,16706,11815,9729,0.154,0
1095,49,Male,High School,Salaried,22817,75403,36298,12001,1000,0.044,0
1096,35,Female,High School,Salaried,28822,43647,12796,1975,9331,0.324,0
1097,50,Male,Postgraduate,Self-Employed,31933,30000,26557,25919,1729,0.054,0
1098,42,Male,Graduate,Student,40069,43766,34226,21947,7983,0.199,0
1099,56,Female,Postgraduate,Salaried,74994,108642,81357,38025,48504,0.647,1
1100,34,Male,Graduate,Salaried,42363,65220,46573,29534,25393,0.599,1
1101,58,Male,High School,Self-Employed,55546,49357,40191,4447,9073,0.163,0
1102,54,Female,Postgraduate,Business,97481,151511,37406,30458,21660,0.222,0
1103,34,Male,High School,Salaried,56093,74096,55677,13402,17809,0.317,0
1104,40,Male,Graduate,Salaried,83438,152047,77714,66186,46186,0.554,0
1105,42,Male,Graduate,Business,41660,76652,29645,17076,21982,0.528,0
1106,51,Female,Graduate,Salaried,59864,102686,50507,15645,6481,0.108,0
1107,48,Female,Graduate,Salaried,41249,69521,22954,1576,4420,0.107,0
1108,55,Female,Graduate,Salaried,56524,58914,21338,18567,16300,0.288,0
1109,35,Male,Postgraduate,Salaried,86008,74660,20443,5964,48978,0.569,0
1110,41,Male,Postgraduate,Salaried,22000,30000,11720,1044,12692,0.577,0
1111,38,Male,Graduate,Business,75861,215669,100227,81369,7326,0.097,0
1112,57,Female,High School,Self-Employed,70943,246540,187382,74148,27389,0.386,0
1113,33,Male,Graduate,Self-Employed,50146,165834,93745,42044,6344,0.127,0
1114,44,Male,Postgraduate,Student,28849,62354,30771,9705,13138,0.455,1
1115,25,Female,Graduate,Salaried,66803,149366,62548,58166,39961,0.598,1
1116,55,Female,Graduate,Salaried,51763,85376,43590,16210,16148,0.312,0
1117,36,Female,Graduate,Student,70817,204635,46810,13063,5772,0.082,0
1118,34,Male,High School,Salaried,65546,187779,136588,48922,25506,0.389,0
1119,44,Female,Graduate,Business,105044,323487,75916,19586,29757,0.283,0
1120,40,Female,Graduate,Business,59016,189905,115269,43975,31441,0.533,0
1121,54,Male,Postgraduate,Salaried,39413,77752,54032,6205,9499,0.241,1
1122,42,Female,Postgraduate,Salaried,69482,199453,108047,21588,39774,0.572,0
1123,41,Female,Postgraduate,Salaried,70500,209898,153688,72053,14078,0.2,0
1124,25,Male,Graduate,Salaried,98980,161619,49123,46281,12636,0.128,0
1125,21,Female,Graduate,Salaried,85878,284166,210462,21344,18895,0.22,0
1126,36,Female,Graduate,Salaried,73922,77967,46251,12037,3818,0.052,0
1127,60,Female,Postgraduate,Business,101583,350000,246407,236002,20761,0.204,0
1128,57,Female,Graduate,Student,35281,101583,58710,51865,15498,0.439,0
1129,46,Female,Postgraduate,Business,49006,51546,34389,24756,5793,0.118,0
1130,46,Female,High School,Salaried,41836,107595,91572,26363,4144,0.099,0
1131,36,Male,Postgraduate,Salaried,55255,49303,18328,8370,6193,0.112,0
1132,28,Female,High School,Salaried,30583,88064,60824,18012,2388,0.078,0
1133,21,Female,High School,Salaried,80879,239232,158515,26485,46285,0.572,0
1134,34,Female,Graduate,Student,59444,144241,58352,23854,36579,0.615,0
1135,33,Male,High School,Salaried,28230,87895,67051,38044,1662,0.059,0
1136,28,Male,High School,Salaried,39611,42157,16638,6099,19855,0.501,0
1137,31,Female,High School,Business,72838,112534,60909,39657,35475,0.487,0
1138,21,Female,Graduate,Salaried,85953,164882,30355,9746,55705,0.648,0
1139,45,Female,Postgraduate,Salaried,114918,105108,24686,11433,28233,0.246,0
1140,58,Male,High School,Salaried,137847,277098,204355,173087,28536,0.207,0
1141,48,Male,Graduate,Self-Employed,75360,114252,41674,38803,23430,0.311,0
1142,38,Female,Postgraduate,Business,40262,74903,34200,12168,22590,0.561,1
1143,37,Male,High School,Salaried,22000,42851,8143,6600,10598,0.482,0
1144,33,Female,High School,Student,71693,227583,108341,35524,23114,0.322,0
1145,26,Male,Postgraduate,Business,44676,68351,45909,3517,8114,0.182,0
1146,44,Male,Postgraduate,Business,54616,175487,141038,108543,26257,0.481,0
1147,43,Female,Graduate,Salaried,49698,96917,14760,2600,27821,0.56,0
1148,21,Male,Postgraduate,Salaried,61480,103599,51094,25438,17090,0.278,0
1149,37,Female,High School,Business,91650,197669,85368,49261,40741,0.445,1
1150,32,Female,Graduate,Salaried,68926,132883,75827,17872,19170,0.278,0
1151,27,Female,Graduate,Self-Employed,61034,91240,41880,4906,19938,0.327,0
1152,49,Male,Graduate,Business,39109,84367,32434,11132,13901,0.355,0
1153,42,Male,Postgraduate,Salaried,23133,30000,13434,13434,11820,0.511,0
1154,46,Female,Graduate,Business,52842,92485,51120,31355,33610,0.636,0
1155,49,Male,Postgraduate,Student,63655,148166,69405,30768,19447,0.306,0
1156,60,Male,Graduate,Business,109198,209245,88930,9133,26452,0.242,0
1157,53,Male,Graduate,Salaried,68257,206448,144084,94348,17858,0.262,0
1158,45,Female,High School,Business,89568,133738,88190,12216,10122,0.113,0
1159,56,Male,High School,Self-Employed,52518,179527,65199,39481,11244,0.214,0
1160,40,Male,Postgraduate,Business,35376,103254,76759,61813,2957,0.084,0
1161,60,Female,High School,Business,40872,139476,105176,48643,12069,0.295,1
1162,51,Male,High School,Business,46869,143558,29313,13018,6269,0.134,0
1163,47,Female,High School,Salaried,118212,139925,76220,6895,28935,0.245,0
1164,57,Female,High School,Salaried,44465,98776,27602,3228,23212,0.522,0
1165,41,Female,Postgraduate,Salaried,85962,108221,69793,29875,15686,0.182,0
1166,49,Female,Graduate,Self-Employed,42427,127672,31216,31050,17369,0.409,1
1167,32,Male,Postgraduate,Self-Employed,88289,209884,121550,37946,51979,0.589,1
1168,59,Male,High School,Self-Employed,74624,112780,32178,20126,28469,0.381,0
1169,45,Male,Graduate,Salaried,61084,202183,96307,71557,9172,0.15,0
1170,52,Male,Graduate,Business,63981,71083,59673,7451,15596,0.244,0
1171,39,Female,Graduate,Student,48630,112940,43833,7938,19259,0.396,0
1172,55,Female,Postgraduate,Salaried,76152,209175,158513,61258,26204,0.344,0
1173,23,Female,Postgraduate,Business,53625,51421,44861,31091,6550,0.122,0
1174,25,Female,Postgraduate,Self-Employed,34360,82952,62387,29596,10549,0.307,0
1175,41,Female,High School,Self-Employed,33052,99253,21855,18829,12120,0.367,0
1176,50,Male,High School,Salaried,69315,68090,46243,43894,13568,0.196,0
1177,53,Male,Graduate,Business,104477,228079,25002,19151,42806,0.41,0
1178,38,Female,Graduate,Student,69000,103369,41579,41579,5071,0.073,0
1179,46,Male,Graduate,Business,62034,160662,118562,94398,14807,0.239,0
1180,43,Female,Graduate,Student,72146,80834,49492,45750,38140,0.529,0
1181,59,Female,Graduate,Student,97650,325178,157535,137504,18627,0.191,0
1182,47,Female,Postgraduate,Salaried,70485,226663,84248,66271,28561,0.405,0
1183,37,Female,Graduate,Self-Employed,54727,71262,46898,41068,15554,0.284,0
1184,59,Female,High School,Salaried,92657,154998,100882,99204,20960,0.226,0
1185,25,Female,High School,Student,75719,180712,82832,45019,45280,0.598,1
1186,60,Female,Graduate,Salaried,103394,283172,218866,150186,25106,0.243,0
1187,27,Male,Graduate,Salaried,69581,138826,41603,23182,12298,0.177,0
1188,32,Male,Graduate,Business,34388,42022,8307,6019,20418,0.594,0
1189,53,Female,Graduate,Salaried,30796,33297,28240,15119,15167,0.492,1
1190,50,Female,Postgraduate,Business,106273,350000,289270,250436,48111,0.453,0
1191,59,Female,Postgraduate,Salaried,108092,219367,60080,51554,6562,0.061,0
1192,50,Female,Graduate,Student,60512,190966,50796,50796,6738,0.111,0
1193,46,Female,Graduate,Business,55420,116516,22954,5282,23596,0.426,0
1194,34,Female,Graduate,Salaried,101536,334091,250614,189458,16230,0.16,0
1195,21,Female,Graduate,Business,37324,38703,9501,9501,6341,0.17,0
1196,25,Male,Graduate,Salaried,42632,47230,27408,27334,21873,0.513,0
1197,32,Male,Graduate,Self-Employed,81083,268385,226958,215663,16806,0.207,0
1198,22,Male,Graduate,Self-Employed,55135,185156,17355,11279,4101,0.074,0
1199,41,Male,High School,Business,64872,107022,51693,32304,3411,0.053,0
1200,52,Female,High School,Salaried,60914,107144,52091,16500,18565,0.305,0
1201,59,Male,High School,Salaried,73439,148465,103781,103781,30302,0.413,0
1202,40,Male,Postgraduate,Business,100187,192723,66316,19657,56977,0.569,0
1203,56,Male,Graduate,Self-Employed,67265,88327,32645,27421,6639,0.099,0
1204,60,Female,High School,Salaried,81098,261591,62769,50328,12322,0.152,0
1205,55,Female,Postgraduate,Salaried,22000,32646,20443,10183,7886,0.358,0
1206,39,Male,Graduate,Salaried,63782,172482,113646,32675,16312,0.256,0
1207,34,Female,Graduate,Business,43919,43099,5889,1233,14457,0.329,0
1208,60,Female,Postgraduate,Salaried,34530,31237,11808,8104,20820,0.603,0
1209,30,Female,High School,Salaried,43046,110416,86388,47849,15834,0.368,1
1210,37,Female,High School,Student,56647,97169,9640,3533,16279,0.287,0
1211,23,Female,Graduate,Salaried,87898,225875,72061,55836,56558,0.643,0
1212,52,Male,High School,Business,31840,33555,15091,3272,2243,0.07,0
1213,46,Female,Graduate,Salaried,65766,221276,75647,69051,39980,0.608,0
1214,24,Male,High School,Business,52896,149219,40567,13747,18039,0.341,0
1215,29,Male,High School,Business,56808,179850,76237,19622,19447,0.342,0
1216,43,Female,High School,Business,90069,105243,20376,4755,54187,0.602,0
1217,42,Female,Graduate,Salaried,78453,130580,60133,35345,27030,0.345,0
1218,53,Female,High School,Self-Employed,98435,176644,113446,57491,29709,0.302,0
1219,31,Male,High School,Business,61137,137581,74018,57314,12163,0.199,0
1220,57,Male,Postgraduate,Salaried,47601,76235,14494,5467,20871,0.438,0
1221,38,Male,Graduate,Salaried,59404,57248,41920,17309,22762,0.383,1
1222,53,Female,Graduate,Salaried,71062,127625,29736,7249,11576,0.163,1
1223,30,Female,High School,Student,69414,103238,63773,20589,32613,0.47,0
1224,22,Female,Graduate,Business,37890,69793,27550,27396,16267,0.429,0
1225,23,Female,Graduate,Self-Employed,67262,89579,61689,11562,18588,0.276,1
1226,35,Male,Graduate,Business,70706,106562,27332,26839,2314,0.033,0
1227,59,Male,High School,Self-Employed,127937,318918,72492,27182,39261,0.307,0
1228,22,Male,Postgraduate,Salaried,111921,206832,92742,13590,3778,0.034,0
1229,35,Male,Postgraduate,Salaried,43669,75658,3477,2631,3341,0.077,0
1230,25,Male,High School,Self-Employed,57815,129595,30713,4240,17170,0.297,0
1231,58,Male,High School,Salaried,28414,81947,53935,45417,2296,0.081,0
1232,48,Male,High School,Business,50232,91570,68439,37381,10092,0.201,0
1233,51,Female,Graduate,Business,72890,173938,20631,6378,31810,0.436,0
1234,49,Male,High School,Salaried,95146,324329,243287,172466,21060,0.221,1
1235,47,Male,Postgraduate,Self-Employed,46773,103338,69556,47958,30334,0.649,0
1236,51,Male,Postgraduate,Salaried,48646,158413,117683,116996,29096,0.598,1
1237,21,Male,Postgraduate,Student,22000,64744,35912,33167,8644,0.393,0
1238,55,Female,Graduate,Student,60933,58407,30725,21272,38358,0.63,0
1239,50,Male,Postgraduate,Student,38440,75287,33998,31311,21840,0.568,0
1240,50,Male,High School,Salaried,51764,139010,81252,68568,11788,0.228,0
1241,36,Male,Graduate,Salaried,43078,149227,114006,59586,21313,0.495,0
1242,53,Female,Graduate,Salaried,62643,127642,19744,18430,7194,0.115,0
1243,36,Female,Postgraduate,Salaried,22000,30000,12870,1607,9997,0.454,0
1244,22,Male,Graduate,Salaried,28324,65639,5008,4623,9474,0.334,0
1245,57,Male,Postgraduate,Salaried,118231,134987,108383,108383,4780,0.04,0
1246,30,Male,High School,Student,32814,92834,42330,5162,6564,0.2,1
1247,25,Male,Postgraduate,Salaried,37580,81576,47692,41169,23387,0.622,0
1248,45,Female,Graduate,Salaried,110923,305400,220507,219936,25048,0.226,0
1249,30,Female,Graduate,Business,137627,350000,298565,83965,19612,0.143,0
1250,55,Female,Postgraduate,Self-Employed,35711,89212,17332,11196,5223,0.146,1
1251,38,Male,Graduate,Business,55794,136895,98541,97224,18251,0.327,0
1252,21,Male,Graduate,Self-Employed,73539,208655,160557,160557,40626,0.552,0
1253,59,Male,Graduate,Business,108217,332727,38111,8696,54104,0.5,0
1254,41,Male,High School,Self-Employed,40329,126893,85271,32759,12133,0.301,0
1255,31,Female,Graduate,Self-Employed,58868,52885,19637,15116,9384,0.159,0
1256,48,Male,High School,Business,84433,194341,115668,28952,4944,0.059,0
1257,42,Male,High School,Salaried,75869,104997,48314,15045,24038,0.317,0
1258,22,Female,Postgraduate,Salaried,55596,173623,48738,4049,29753,0.535,0
1259,51,Male,Graduate,Salaried,61654,157259,28770,4642,29742,0.482,0
1260,37,Male,Graduate,Salaried,30628,59253,12188,4479,8678,0.283,1
1261,48,Male,Graduate,Business,59046,77225,9246,7312,23543,0.399,0
1262,56,Male,Graduate,Salaried,58340,100074,60203,45257,17530,0.3,0
1263,45,Male,Graduate,Salaried,70804,191185,68426,58766,27542,0.389,0
1264,47,Male,Postgraduate,Salaried,51117,69098,13103,5711,17935,0.351,0
1265,31,Male,Postgraduate,Business,76788,80833,53155,17208,34723,0.452,0
1266,30,Male,Graduate,Salaried,90318,288808,182550,13303,31140,0.345,0
1267,37,Male,Graduate,Self-Employed,68886,197246,100674,27519,42239,0.613,1
1268,55,Female,Graduate,Business,73794,98843,83347,29689,21797,0.295,0
1269,41,Male,Graduate,Salaried,66329,105413,39972,9173,2644,0.04,0
1270,34,Female,Graduate,Business,65002,222605,156096,11400,11476,0.177,0
1271,52,Female,Graduate,Salaried,46961,127363,12026,3326,15984,0.34,1
1272,55,Male,Graduate,Salaried,72912,178518,116743,83400,26624,0.365,0
1273,57,Female,Graduate,Self-Employed,62568,102023,84036,56930,23305,0.372,0
1274,32,Male,Graduate,Student,117329,188623,135306,135306,55499,0.473,0
1275,49,Male,Graduate,Salaried,104334,94601,49604,43887,20896,0.2,0
1276,44,Male,High School,Self-Employed,74646,206538,118047,73640,33011,0.442,1
1277,38,Male,High School,Salaried,45924,42093,10460,4541,21424,0.467,0
1278,36,Male,Graduate,Self-Employed,37190,30240,16894,9794,10599,0.285,0
1279,25,Male,Graduate,Self-Employed,94779,262503,181248,22661,26476,0.279,0
1280,31,Female,High School,Self-Employed,71569,240612,200966,97455,10086,0.141,0
1281,42,Male,Graduate,Self-Employed,77004,218888,103122,50307,22075,0.287,1
1282,56,Female,Postgraduate,Salaried,22000,45615,4348,289,11392,0.518,0
1283,55,Female,Graduate,Self-Employed,88186,186277,102005,32610,52344,0.594,0
1284,28,Female,Postgraduate,Self-Employed,76361,151009,29212,22123,30395,0.398,0
1285,48,Male,Postgraduate,Self-Employed,37239,62433,18985,17510,8029,0.216,0
1286,24,Female,Graduate,Salaried,53212,117526,41883,37207,24106,0.453,0
1287,48,Female,Graduate,Salaried,71593,140616,86946,57925,35001,0.489,0
1288,34,Female,High School,Salaried,66312,160147,38819,24196,15648,0.236,0
1289,38,Male,Postgraduate,Salaried,57696,186065,36075,4669,31298,0.542,1
1290,49,Female,Graduate,Salaried,62413,217605,25721,20938,4724,0.076,0
1291,37,Female,Postgraduate,Salaried,58701,59441,45498,25629,2152,0.037,0
1292,53,Male,Graduate,Business,68814,126525,79142,27496,7311,0.106,0
1293,42,Male,High School,Salaried,101787,131092,15530,7712,12899,0.127,0
1294,60,Male,High School,Business,22000,38516,1389,1389,12649,0.575,0
1295,46,Female,Graduate,Self-Employed,59079,93119,43458,29613,17339,0.293,0
1296,32,Male,Graduate,Business,69413,88241,28873,15524,13914,0.2,0
1297,52,Male,High School,Salaried,72400,207282,112382,75281,21432,0.296,0
1298,37,Female,Graduate,Salaried,55702,119201,52874,25481,15307,0.275,0
1299,42,Male,Postgraduate,Self-Employed,22000,72203,56975,29684,4772,0.217,0
1300,26,Male,Graduate,Student,73200,65002,15390,3965,8454,0.115,0
1301,25,Female,Graduate,Salaried,108184,106111,66877,31187,47240,0.437,0
1302,43,Female,High School,Self-Employed,26653,50343,5012,2559,3057,0.115,0
1303,28,Female,Postgraduate,Self-Employed,86596,88046,72873,6888,44230,0.511,0
1304,60,Female,Graduate,Business,56787,85713,69644,58811,8805,0.155,1
1305,55,Male,Postgraduate,Salaried,63467,219741,147564,49459,30683,0.483,1
1306,49,Female,Graduate,Self-Employed,38678,52764,20492,15763,20479,0.529,0
1307,50,Female,Graduate,Salaried,56639,75608,17844,11420,6100,0.108,0
1308,44,Male,Graduate,Student,97501,229013,161923,115970,8169,0.084,0
1309,23,Male,High School,Salaried,79566,170637,107124,70100,49230,0.619,1
1310,36,Male,Postgraduate,Salaried,108308,256385,65320,65264,34343,0.317,0
1311,40,Male,Graduate,Student,94435,171606,78186,44378,39733,0.421,0
1312,57,Male,Graduate,Salaried,75977,230382,99057,74739,3375,0.044,0
1313,29,Male,Postgraduate,Salaried,108598,127512,92527,68714,22024,0.203,0
1314,40,Female,Postgraduate,Salaried,75975,148657,81921,24923,26086,0.343,0
1315,34,Male,Postgraduate,Salaried,85700,228164,131132,41101,49659,0.579,0
1316,26,Female,High School,Salaried,57586,181064,104144,51042,11419,0.198,0
1317,25,Female,Graduate,Salaried,66664,119851,32093,12784,34040,0.511,1
1318,35,Female,Postgraduate,Business,47564,110963,43881,17733,20955,0.441,1
1319,24,Female,Graduate,Business,89740,88544,9218,4502,9106,0.101,0
1320,23,Male,High School,Salaried,35542,44778,30183,21414,7531,0.212,0
1321,35,Female,Postgraduate,Self-Employed,84559,83432,33360,8303,15007,0.177,0
1322,29,Male,Graduate,Salaried,60234,166564,63781,55789,18333,0.304,0
1323,43,Female,Graduate,Student,94281,148753,36607,16841,39966,0.424,0
1324,21,Male,Postgraduate,Salaried,83772,230717,58546,43559,25024,0.299,0
1325,33,Male,Graduate,Self-Employed,110516,108226,51314,5546,20071,0.182,1
1326,39,Female,Graduate,Salaried,83269,260539,65198,34415,38424,0.461,0
1327,59,Male,Graduate,Self-Employed,25699,78534,8966,2438,10084,0.392,0
1328,46,Female,Graduate,Salaried,63326,65866,49426,35603,22289,0.352,0
1329,56,Male,High School,Business,35700,30850,13717,3494,13343,0.374,0
1330,34,Male,Postgraduate,Salaried,52043,49544,16798,15161,8721,0.168,0
1331,38,Female,Postgraduate,Student,102781,319115,135426,51258,46443,0.452,0
1332,37,Female,Graduate,Self-Employed,80938,116041,79887,51801,21874,0.27,0
1333,56,Male,Graduate,Business,47527,108378,38472,12416,12136,0.255,0
1334,59,Male,Postgraduate,Business,39657,77365,47270,31096,4871,0.123,0
1335,59,Male,High School,Student,65820,194032,159115,83418,26331,0.4,1
1336,51,Female,Graduate,Salaried,34586,73323,41959,17290,13961,0.404,1
1337,41,Female,Graduate,Salaried,48221,103761,39705,9505,11621,0.241,0
1338,42,Male,Graduate,Salaried,72800,252656,165040,25220,40994,0.563,0
1339,60,Male,High School,Salaried,93883,113162,49784,10570,52028,0.554,1
1340,32,Male,Graduate,Self-Employed,80219,244098,95937,95937,7830,0.098,0
1341,34,Male,Graduate,Student,22000,30000,16196,8684,10140,0.461,0
1342,56,Female,Graduate,Student,72609,151728,47509,1772,19908,0.274,0
1343,36,Female,High School,Self-Employed,66801,213303,36048,35538,43409,0.65,0
1344,30,Male,Graduate,Self-Employed,75347,195607,79459,8099,12772,0.17,0
1345,43,Female,Graduate,Business,105405,279332,48804,21798,21495,0.204,0
1346,34,Male,High School,Student,22000,33241,11841,8068,6690,0.304,1
1347,56,Male,High School,Salaried,50222,96936,49779,47821,9874,0.197,0
1348,57,Male,High School,Self-Employed,79773,142775,115392,88652,36619,0.459,0
1349,33,Male,Graduate,Business,25460,56213,12250,5629,8355,0.328,0
1350,42,Male,High School,Salaried,101899,208691,119377,119377,17012,0.167,0
1351,60,Female,Postgraduate,Salaried,74209,124866,56927,3786,25524,0.344,0
1352,50,Female,Graduate,Student,86165,140001,22650,22650,50066,0.581,0
1353,29,Male,Postgraduate,Student,50726,74938,21942,19847,26443,0.521,0
1354,44,Female,Postgraduate,Student,85344,152393,27549,27549,28955,0.339,0
1355,45,Female,High School,Business,91712,110498,29397,8567,19155,0.209,0
1356,47,Female,Graduate,Salaried,70822,223421,62082,10959,10023,0.142,0
1357,22,Female,Postgraduate,Salaried,70860,171887,65533,49262,40716,0.575,0
1358,32,Male,Graduate,Self-Employed,71759,83328,39092,21838,33749,0.47,0
1359,55,Female,Graduate,Self-Employed,43416,116069,11317,5821,16704,0.385,0
1360,30,Female,Graduate,Self-Employed,61312,189374,38231,38231,35270,0.575,0
1361,32,Female,High School,Self-Employed,61187,88192,13824,8180,6452,0.105,0
1362,33,Male,Graduate,Salaried,74585,89996,48553,16639,33798,0.453,0
1363,28,Male,Postgraduate,Business,89996,74091,27290,12298,14792,0.164,0
1364,27,Male,Postgraduate,Salaried,38537,35746,17469,3206,4037,0.105,0
1365,34,Male,High School,Salaried,61875,176844,42343,10650,19718,0.319,0
1366,55,Male,Graduate,Salaried,102036,350000,37936,10472,27568,0.27,0
1367,21,Male,Graduate,Salaried,46410,42752,36731,32104,28474,0.614,0
1368,32,Female,Postgraduate,Business,44444,125323,15659,8253,10261,0.231,0
1369,23,Male,High School,Salaried,70058,69640,11434,7125,37498,0.535,0
1370,43,Female,Postgraduate,Salaried,86110,206557,40329,17171,42562,0.494,0
1371,31,Male,Postgraduate,Business,65286,185504,157340,113113,28994,0.444,1
1372,52,Female,High School,Self-Employed,98224,173842,99317,86070,58998,0.601,0
1373,44,Male,High School,Salaried,86420,71687,40274,37461,24449,0.283,0
1374,52,Female,Postgraduate,Salaried,86046,207114,175681,104805,23370,0.272,0
1375,46,Male,High School,Salaried,78853,274121,40789,36401,10234,0.13,0
1376,38,Male,Graduate,Self-Employed,123191,184240,150965,83924,24758,0.201,0
1377,55,Male,Postgraduate,Salaried,59871,78528,17834,7933,34453,0.575,0
1378,40,Female,Graduate,Salaried,22000,30000,16850,16850,7131,0.324,0
1379,58,Male,Graduate,Salaried,105106,241659,97397,41428,25398,0.242,0
1380,60,Female,Graduate,Self-Employed,53558,129096,42837,19252,8783,0.164,1
1381,44,Female,High School,Salaried,67697,198970,157398,53619,22386,0.331,1
1382,47,Male,Postgraduate,Business,97739,276924,54143,30966,46361,0.474,1
1383,31,Male,Graduate,Salaried,24944,80067,67032,38474,5182,0.208,0
1384,53,Male,High School,Self-Employed,33709,100304,36565,25314,16847,0.5,0
1385,47,Male,Graduate,Salaried,24968,36644,22701,12475,10498,0.42,0
1386,57,Male,Postgraduate,Salaried,45147,103877,82492,22802,23399,0.518,0
1387,31,Male,High School,Salaried,75991,121815,10264,10263,14101,0.186,0
1388,52,Female,Postgraduate,Business,78105,132030,103339,38266,32901,0.421,1
1389,39,Male,Graduate,Business,71907,238462,125628,124984,9011,0.125,0
1390,28,Male,Postgraduate,Salaried,29681,78391,53852,12071,7585,0.256,1
1391,27,Female,Postgraduate,Salaried,22000,75491,17057,12699,10540,0.479,0
1392,43,Female,Postgraduate,Student,66359,127785,58300,35732,27979,0.422,1
1393,33,Male,Postgraduate,Self-Employed,53206,119771,70998,63248,7793,0.146,0
1394,25,Male,High School,Salaried,76485,161782,70548,12041,42998,0.562,0
1395,38,Male,Postgraduate,Salaried,82549,89952,18464,17952,5207,0.063,0
1396,47,Female,Graduate,Self-Employed,68456,98515,28017,15583,27316,0.399,0
1397,33,Female,Graduate,Business,84003,186875,135141,86008,53759,0.64,1
1398,59,Male,Postgraduate,Self-Employed,70730,69451,7594,3879,25430,0.36,1
1399,52,Male,Postgraduate,Student,78252,259401,163600,11016,41193,0.526,1
1400,41,Male,Graduate,Salaried,47383,53750,48139,28019,18906,0.399,1
1401,58,Female,Graduate,Salaried,60510,80754,4508,1292,31194,0.516,0
1402,38,Male,Graduate,Salaried,69919,200414,39850,14921,30517,0.436,0
1403,26,Male,Graduate,Salaried,85513,90791,46281,31515,39208,0.459,0
1404,22,Male,Graduate,Salaried,55156,178195,20623,11833,9445,0.171,0
1405,58,Male,Graduate,Salaried,78029,215313,113434,14905,38229,0.49,0
1406,59,Female,High School,Salaried,58354,57495,31822,533,10358,0.178,1
1407,50,Male,High School,Business,62061,165578,88729,21520,39595,0.638,0
1408,25,Male,Postgraduate,Salaried,85738,214808,77419,19428,14681,0.171,0
1409,32,Female,Graduate,Salaried,22000,62587,31833,20656,3888,0.177,0
1410,22,Female,Postgraduate,Self-Employed,32588,98942,53838,10543,18327,0.562,0
1411,23,Male,Graduate,Self-Employed,27945,76557,15580,14650,5048,0.181,0
1412,30,Male,High School,Business,22000,52419,28380,5175,5583,0.254,0
1413,43,Female,High School,Business,48043,80263,57080,6515,22728,0.473,1
1414,23,Male,High School,Business,83736,224633,133401,122369,10754,0.128,0
1415,60,Female,Postgraduate,Salaried,57878,195849,85966,30952,7445,0.129,0
1416,39,Female,High School,Salaried,69945,166910,55592,25886,23190,0.332,0
1417,31,Female,Graduate,Self-Employed,92230,239220,35332,34979,16702,0.181,0
1418,41,Male,Postgraduate,Salaried,98192,194444,51416,51416,17292,0.176,0
1419,52,Female,Postgraduate,Salaried,63272,179789,11323,9190,2261,0.036,0
1420,33,Female,High School,Salaried,98840,345318,285533,34469,25667,0.26,1
1421,22,Male,High School,Salaried,67303,82988,19104,11736,15299,0.227,0
1422,23,Female,High School,Salaried,44065,59333,41951,41951,2173,0.049,0
1423,55,Female,High School,Salaried,50140,113140,21918,18571,20816,0.415,0
1424,25,Female,High School,Business,27987,58765,19410,4481,11713,0.419,0
1425,46,Male,Graduate,Student,42797,100284,39484,18281,3163,0.074,0
1426,36,Male,Postgraduate,Salaried,56050,52267,14342,4974,12699,0.227,1
1427,52,Female,Graduate,Student,85090,160952,110984,19741,48598,0.571,1
1428,23,Male,Graduate,Salaried,108019,256442,210299,157735,42229,0.391,0
1429,56,Female,High School,Student,30445,72460,55608,15676,8690,0.285,0
1430,48,Female,Postgraduate,Student,74821,192649,43829,16422,23820,0.318,0
1431,38,Female,Graduate,Salaried,38986,107000,70545,8197,6204,0.159,0
1432,29,Male,Postgraduate,Business,76867,194641,37524,23219,40998,0.533,0
1433,60,Female,Postgraduate,Student,61723,181074,143114,31105,36829,0.597,0
1434,33,Male,Graduate,Student,22000,54711,26124,9290,13081,0.595,0
1435,40,Female,High School,Student,88207,198578,65819,10455,14893,0.169,0
1436,36,Male,High School,Self-Employed,49875,121532,19769,19647,11105,0.223,0
1437,30,Male,Graduate,Salaried,51652,55434,3406,0,6693,0.13,0
1438,37,Female,Postgraduate,Business,38256,58819,12714,5284,8434,0.22,0
1439,27,Female,Graduate,Self-Employed,48643,108181,79612,22580,11496,0.236,1
1440,21,Female,Postgraduate,Self-Employed,75697,238980,163439,21121,31984,0.423,1
1441,32,Male,Graduate,Salaried,60269,158715,128075,33027,8895,0.148,0
1442,25,Female,High School,Self-Employed,73217,76446,13798,408,43932,0.6,0
1443,37,Female,Graduate,Salaried,74048,177652,97021,19459,6955,0.094,0
1444,55,Female,Graduate,Business,98017,137096,35402,18670,3358,0.034,0
1445,27,Female,Graduate,Salaried,56430,156979,77405,53899,31605,0.56,0
1446,21,Male,Graduate,Business,28079,85194,22262,3974,13094,0.466,0
1447,25,Male,High School,Business,91681,220248,64210,29085,22950,0.25,0
1448,41,Female,Graduate,Salaried,56713,135923,72130,47927,22640,0.399,0
1449,31,Female,High School,Self-Employed,92865,159189,37680,10983,15657,0.169,0
1450,40,Male,Postgraduate,Salaried,74584,149532,63839,28866,10024,0.134,1
1451,22,Male,High School,Student,61722,193381,115534,12463,19881,0.322,0
1452,34,Female,High School,Business,73719,202946,31719,7184,18354,0.249,0
1453,37,Female,Graduate,Salaried,113775,250684,195941,99510,46812,0.411,0
1454,38,Male,Graduate,Salaried,116925,209790,100606,100606,19322,0.165,0
1455,43,Female,Graduate,Salaried,66735,62466,49429,49429,29431,0.441,0
1456,52,Female,Graduate,Salaried,69005,81848,49239,49239,34879,0.505,0
1457,39,Male,Postgraduate,Student,91906,121423,75975,34422,12252,0.133,0
1458,54,Male,Graduate,Business,43858,79301,43487,3783,2508,0.057,1
1459,42,Female,Graduate,Salaried,73327,245586,179062,66820,22185,0.303,0
1460,31,Male,Graduate,Business,64353,139254,77323,21549,32813,0.51,0
1461,30,Male,High School,Salaried,72848,104469,29663,874,31578,0.433,0
1462,33,Male,Graduate,Business,44166,47943,4191,2929,20545,0.465,0
1463,44,Female,High School,Salaried,25261,43283,23864,11885,7067,0.28,0
1464,30,Male,Graduate,Self-Employed,22000,66054,9005,5414,3865,0.176,0
1465,57,Male,High School,Student,37065,68015,20911,4017,13332,0.36,0
1466,40,Male,Postgraduate,Salaried,53533,154484,19990,15682,8389,0.157,0
1467,55,Female,Graduate,Self-Employed,57670,171124,89700,36435,27697,0.48,0
1468,48,Female,Postgraduate,Student,113431,124685,25392,20354,17255,0.152,0
1469,34,Male,Graduate,Salaried,92650,226379,124166,38272,19511,0.211,1
1470,30,Male,High School,Salaried,40948,138796,98819,57942,14088,0.344,0
1471,50,Male,Postgraduate,Self-Employed,73693,138968,96128,23627,24448,0.332,0
1472,34,Female,Graduate,Salaried,54823,51399,24806,12399,22068,0.403,0
1473,30,Female,Postgraduate,Salaried,57891,190630,96955,19383,17438,0.301,0
1474,58,Male,Graduate,Salaried,69633,221844,115063,23045,41785,0.6,0
1475,40,Male,Graduate,Business,80479,177841,80559,55202,44325,0.551,0
1476,22,Female,Postgraduate,Salaried,56519,129490,81310,25981,32501,0.575,0
1477,40,Female,Graduate,Salaried,91596,125642,32754,7834,38498,0.42,0
1478,39,Male,Graduate,Business,36452,109812,86770,86770,15445,0.424,0
1479,55,Male,Graduate,Self-Employed,65158,139843,25959,4149,26565,0.408,1
1480,49,Female,Graduate,Business,129942,115839,82208,51718,38934,0.3,0
1481,28,Female,Postgraduate,Salaried,70577,186615,100618,58064,16212,0.23,0
1482,27,Female,Graduate,Student,100830,339428,87312,25203,40034,0.397,1
1483,45,Male,Graduate,Self-Employed,67288,204468,135335,66537,3084,0.046,0
1484,22,Male,Postgraduate,Salaried,79519,123130,15906,3282,2753,0.035,0
1485,33,Female,Graduate,Business,63580,60018,40891,31794,35479,0.558,1
1486,26,Female,Graduate,Salaried,60740,202808,107506,27123,3570,0.059,0
1487,21,Female,Graduate,Salaried,45513,151561,30825,7219,16174,0.355,0
1488,57,Male,High School,Salaried,75758,169510,29885,8663,31159,0.411,0
1489,24,Female,Graduate,Self-Employed,43712,110777,73047,69488,6682,0.153,0
1490,21,Male,High School,Salaried,81640,167282,51307,40947,47788,0.585,0
1491,58,Male,High School,Salaried,92132,178125,135103,135103,13623,0.148,0
1492,28,Female,Graduate,Salaried,74163,83249,58828,41862,42896,0.578,0
1493,53,Female,Graduate,Salaried,57844,61386,36926,29187,29099,0.503,0
1494,22,Female,Postgraduate,Salaried,76349,109055,30856,17626,13686,0.179,0
1495,27,Female,Graduate,Self-Employed,57283,175225,112607,106926,7072,0.123,0
1496,25,Male,High School,Salaried,88389,105514,83859,48262,19982,0.226,0
1497,49,Female,Postgraduate,Salaried,22000,31066,4562,0,6088,0.277,0
1498,45,Male,High School,Self-Employed,56610,129142,38021,24805,10325,0.182,0
1499,40,Male,High School,Salaried,22000,30379,10032,6480,14285,0.649,0
1500,30,Female,Graduate,Self-Employed,27623,34271,18942,59,4762,0.172,1
